Nomor,Link
1,https://id.pinterest.com/pin/569986896607888840
2,https://id.pinterest.com/pin/311733605478608556
3,https://id.pinterest.com/pin/1035194664345468780
4,https://id.pinterest.com/pin/567383253072273972
5,https://id.pinterest.com/pin/844493674459843
6,https://id.pinterest.com/pin/9359111720675803
7,https://id.pinterest.com/pin/633387442562974
8,https://id.pinterest.com/pin/523191681730879988
9,https://id.pinterest.com/pin/329325791517591700
10,https://id.pinterest.com/pin/377176537556495193
11,https://id.pinterest.com/pin/65513369573874302
12,https://id.pinterest.com/pin/572449802653770063
13,https://id.pinterest.com/pin/1045257394759258227
14,https://id.pinterest.com/pin/211174977649409
15,https://id.pinterest.com/pin/953355814866985126
16,https://id.pinterest.com/pin/17170042323455169
17,https://id.pinterest.com/pin/53691420552864313
18,https://id.pinterest.com/pin/140806233181441
19,https://id.pinterest.com/pin/129337820541421424
20,https://id.pinterest.com/pin/5136987069510038
21,https://id.pinterest.com/pin/287174913742754674
22,https://id.pinterest.com/pin/149252175144635126
23,https://id.pinterest.com/pin/71072500368771528
24,https://id.pinterest.com/pin/185351340908687446
25,https://id.pinterest.com/pin/2955556000766142
26,https://id.pinterest.com/pin/26951297764782628
27,https://id.pinterest.com/pin/7599893116082735
28,https://id.pinterest.com/pin/301389400077936165
29,https://id.pinterest.com/pin/369717450678328113
